INSERT INTO REZEPTE (REZEPTENR, REZEPTNAME, Menge) VALUES (01,'Gemuese Suppe', 1);

INSERT INTO REZEPTE (REZEPTENR, REZEPTNAME, Menge) VALUES (02,'Wiener Wuerstchen-Suppe', 1);

INSERT INTO REZEPTE (REZEPTENR, REZEPTNAME, Menge) VALUES (03,'Tomate-Mozzarella-Teller', 1);

INSERT INTO REZEPTE (REZEPTENR, REZEPTNAME, Menge) VALUES (04,'Tofu-Wuerstchen-Suppe', 1);

INSERT INTO REZEPTE (REZEPTENR, REZEPTNAME, Menge) VALUES (05,'Falafel mit Kartoffelpueree und Ei', 1);

INSERT INTO REZEPTE (REZEPTENR, REZEPTNAME, Menge) VALUES (06,'Bauernfruehstueck', 1);


INSERT INTO REZEPTEZUTAT (REZEPTENR, ZUTATENNR, MENGE) Values (01,1005, 1),(01,1006,1),(01,1008,1),(01,7043,1);

INSERT INTO REZEPTEZUTAT (REZEPTENR, ZUTATENNR, MENGE) Values (02,1005, 1),(02,1006,1),(02,1008,1),(02,7043,1),(02,5001,1);

INSERT INTO REZEPTEZUTAT (REZEPTENR, ZUTATENNR, MENGE) Values (03,1003, 1),(03,3002,1);

INSERT INTO REZEPTEZUTAT (REZEPTENR, ZUTATENNR, MENGE) Values (04,1005, 1),(04,1006,1),(04,1008,1),(04,7043,1),(04,9001,1);

INSERT INTO REZEPTEZUTAT (REZEPTENR, ZUTATENNR, MENGE) Values (05,6300, 1),(05,1006,1),(05,4001,1);

INSERT INTO REZEPTEZUTAT (REZEPTENR, ZUTATENNR, MENGE) Values (06,5001, 1),(06,1006,1),(06,4001,1),(06,1002,1);


INSERT INTO ERNAEHRUNGSKATEGORIE (KATEGORIENR, KATEGORIENAME) Values (01, "Vegan");

INSERT INTO ERNAEHRUNGSKATEGORIE (KATEGORIENR, KATEGORIENAME) Values (02, "Vegetarisch");

INSERT INTO ERNAEHRUNGSKATEGORIE (KATEGORIENR, KATEGORIENAME) Values (03, "Fleischgerichte");


INSERT INTO BESCHRAENKUNGEN (BESCHRAENKUNGENNR, BESCHRAENKUNGENNAME, ZUTATENNR) Values (01, "Ei", 4001); 

INSERT INTO BESCHRAENKUNGEN (BESCHRAENKUNGENNR, BESCHRAENKUNGENNAME, ZUTATENNR) Values (02, "Laktose", 3001),(02, "Laktose", 3002),(02, "Laktose", 3003);

INSERT INTO BESCHRAENKUNGEN (BESCHRAENKUNGENNR, BESCHRAENKUNGENNAME, ZUTATENNR) Values (03, "Tomate", 1003);

INSERT INTO BESCHRAENKUNGEN (BESCHRAENKUNGENNR, BESCHRAENKUNGENNAME, ZUTATENNR) Values (04, "Zwiebel", 1002),(04, "Zwiebel", 1004);

INSERT INTO BESCHRAENKUNGEN (BESCHRAENKUNGENNR, BESCHRAENKUNGENNAME, ZUTATENNR) Values (05, "Tofu", 9001);